"brand","date","avg_price","total_appearances","appearances_organic","appearances_uncategorized","appearances_categorized","appearances_inline_sponsored"
"Apple","2025-12-04","330.99631578947367","19","14","11","3","5"
"Apple","2025-12-05","397.50952380952367","21","11","10","1","10"
"Apple","2025-12-06","411.9955555555555","18","11","10","1","7"
"Apple","2025-12-07","374.46894736842097","19","11","11","0","8"
"Apple","2025-12-08","275.93529411764706","17","10","10","0","7"
"Apple","2025-12-09","438.84558823529403","34","12","11","1","22"
"Apple","2025-12-10","435.8776923076922","26","11","11","0","15"
"Apple","2025-12-11","345.3807692307692","13","13","11","2","0"
"Apple","2025-12-12","283.8194117647058","17","13","12","1","4"
"Apple","2025-12-13","229.12375","8","8","7","1","0"
"Apple","2025-12-14","270.7661538461538","13","13","11","2","0"
"Apple","2025-12-15","305.099","10","10","9","1","0"
"Apple","2025-12-16","241.99727272727276","11","11","10","1","0"
"Apple","2025-12-17","265.99399999999997","10","10","10","0","0"
"Audio-Technica","2025-12-04","123","5","5","4","1","0"
"Audio-Technica","2025-12-05","122.33333333333333","3","3","1","2","0"
"Audio-Technica","2025-12-06","159","5","5","4","1","0"
"Audio-Technica","2025-12-07","131","5","5","4","1","0"
"Audio-Technica","2025-12-08","117.57142857142857","7","7","4","3","0"
"Audio-Technica","2025-12-09","137.57142857142858","7","7","4","3","0"
"Audio-Technica","2025-12-10","141.85714285714286","7","7","5","2","0"
"Audio-Technica","2025-12-11","115.66666666666667","6","6","4","2","0"
"Audio-Technica","2025-12-12","101.33222222222223","9","9","5","4","0"
"Audio-Technica","2025-12-13","136.9988888888889","9","9","5","4","0"
"Audio-Technica","2025-12-14","109","7","7","5","2","0"
"Audio-Technica","2025-12-15","127.19000000000001","5","5","3","2","0"
"Audio-Technica","2025-12-16","107.71285714285715","7","7","5","2","0"
"Audio-Technica","2025-12-17","119.19800000000001","5","5","4","1","0"
"Beats","2025-12-04","149.0215517241378","58","38","23","15","20"
"Beats","2025-12-05","124.82018867924516","53","30","17","13","23"
"Beats","2025-12-06","125.62083333333324","36","29","17","12","7"
"Beats","2025-12-07","133.3548076923076","52","29","19","10","23"
"Beats","2025-12-08","131.39777777777766","45","32","18","14","13"
"Beats","2025-12-09","132.08964912280692","57","43","29","14","14"
"Beats","2025-12-10","151.87170731707303","41","31","20","11","10"
"Beats","2025-12-11","147.06888888888878","36","35","21","14","1"
"Beats","2025-12-12","135.3857142857142","35","27","16","11","8"
"Beats","2025-12-13","127.03999999999992","29","29","20","9","0"
"Beats","2025-12-14","137.06263157894728","38","38","22","16","0"
"Beats","2025-12-15","145.47515151515142","33","33","21","12","0"
"Beats","2025-12-16","139.34399999999994","30","30","18","12","0"
"Beats","2025-12-17","122.39027027027018","37","37","19","18","0"
"Beyerdynamic","2025-12-04","184.99","6","5","3","2","1"
"Beyerdynamic","2025-12-05","183.32333333333335","6","6","2","4","0"
"Beyerdynamic","2025-12-06","183.32333333333335","6","6","3","3","0"
"Beyerdynamic","2025-12-07","292.49","4","4","2","2","0"
"Beyerdynamic","2025-12-08","189.99","2","2","1","1","0"
"Beyerdynamic","2025-12-10","199.99","3","3","2","1","0"
"Beyerdynamic","2025-12-11","199.99","3","3","2","1","0"
"Beyerdynamic","2025-12-12","192.49","8","8","5","3","0"
"Beyerdynamic","2025-12-13","193.32333333333335","6","6","2","4","0"
"Beyerdynamic","2025-12-14","199.99","7","7","2","5","0"
"Beyerdynamic","2025-12-15","196.65666666666667","6","6","2","4","0"
"Beyerdynamic","2025-12-16","194.2757142857143","7","7","3","4","0"
"Beyerdynamic","2025-12-17","199.99","3","3","2","1","0"
"Bose","2025-12-04","285.2962962962963","27","19","15","4","8"
"Bose","2025-12-05","236.38709677419354","31","25","17","8","6"
"Bose","2025-12-06","231.6315789473684","38","33","20","13","5"
"Bose","2025-12-07","245.39777777777778","45","34","19","15","11"
"Bose","2025-12-08","253.59971428571427","35","25","16","9","10"
"Bose","2025-12-09","273.6886666666667","45","25","16","9","20"
"Bose","2025-12-10","241.05882352941177","34","26","15","11","8"
"Bose","2025-12-11","243.51612903225808","31","30","17","13","1"
"Bose","2025-12-12","228.23076923076923","39","35","19","16","4"
"Bose","2025-12-13","239.96774193548387","31","31","15","16","0"
"Bose","2025-12-14","231.96709677419352","31","31","17","14","0"
"Bose","2025-12-15","236.41117647058823","34","34","18","16","0"
"Bose","2025-12-16","224.78757575757575","33","33","16","17","0"
"Bose","2025-12-17","217.92193548387095","31","31","16","15","0"
"Bowers & Wilkins","2025-12-04","437.7833333333333","12","12","6","6","0"
"Bowers & Wilkins","2025-12-05","489","6","6","3","3","0"
"Bowers & Wilkins","2025-12-06","489.7692307692308","13","13","6","7","0"
"Bowers & Wilkins","2025-12-07","479","13","13","7","6","0"
"Bowers & Wilkins","2025-12-08","470.8181818181818","11","11","6","5","0"
"Bowers & Wilkins","2025-12-09","571.2222222222222","9","6","3","3","3"
"Bowers & Wilkins","2025-12-10","546.2727272727273","11","11","5","6","0"
"Bowers & Wilkins","2025-12-11","470.6666666666667","12","12","5","7","0"
"Bowers & Wilkins","2025-12-12","564.4545454545455","11","11","4","7","0"
"Bowers & Wilkins","2025-12-13","482","10","10","6","4","0"
"Bowers & Wilkins","2025-12-14","521","10","10","5","5","0"
"Bowers & Wilkins","2025-12-15","602.3333333333334","9","9","6","3","0"
"Bowers & Wilkins","2025-12-16","517.9888888888888","9","9","6","3","0"
"Bowers & Wilkins","2025-12-17","565.5544444444445","9","9","7","2","0"
"Corsair","2025-12-05","129.99","1","1","1","0","0"
"Corsair","2025-12-11","129.99","1","1","1","0","0"
"Corsair","2025-12-16","89.99","1","1","1","0","0"
"Cowin","2025-12-04","29.69","2","2","1","1","0"
"Cowin","2025-12-05","29.69","1","1","0","1","0"
"Cowin","2025-12-06","39.84","2","2","1","1","0"
"Cowin","2025-12-07","29.69","2","2","1","1","0"
"Cowin","2025-12-08","28.99","2","2","1","1","0"
"Cowin","2025-12-09","35.99","3","3","2","1","0"
"Cowin","2025-12-10","35.99","3","3","3","0","0"
"Cowin","2025-12-11","28.99","2","2","2","0","0"
"Cowin","2025-12-12","28.99","1","1","1","0","0"
"Cowin","2025-12-13","28.99","1","1","1","0","0"
"Cowin","2025-12-14","28.99","2","2","2","0","0"
"Cowin","2025-12-15","49.99","1","1","1","0","0"
"Cowin","2025-12-16","28.99","3","3","3","0","0"
"Cowin","2025-12-17","28.99","3","3","3","0","0"
"Cshidworld","2025-12-04","13.99","4","4","4","0","0"
"Cshidworld","2025-12-05","12.34","4","4","4","0","0"
"Cshidworld","2025-12-06","13.190000000000001","4","4","4","0","0"
"Cshidworld","2025-12-07","12.556666666666667","6","6","6","0","0"
"Cshidworld","2025-12-08","13.256666666666668","3","3","3","0","0"
"Cshidworld","2025-12-09","13.15","5","5","5","0","0"
"Cshidworld","2025-12-10","13.290000000000001","4","4","4","0","0"
"Cshidworld","2025-12-11","12.690000000000001","4","4","4","0","0"
"Cshidworld","2025-12-12","12.790000000000001","4","4","4","0","0"
"Cshidworld","2025-12-13","12.856666666666667","6","6","6","0","0"
"Cshidworld","2025-12-14","12.923333333333334","6","6","6","0","0"
"Cshidworld","2025-12-15","12.24","4","4","4","0","0"
"Cshidworld","2025-12-16","11.99","6","6","6","0","0"
"Cshidworld","2025-12-17","13.190000000000001","4","4","4","0","0"
"Edifier","2025-12-04","36.49","2","2","2","0","0"
"Edifier","2025-12-06","21.42","1","1","1","0","0"
"Edifier","2025-12-07","31.955000000000002","2","2","2","0","0"
"Edifier","2025-12-08","21.42","1","1","1","0","0"
"Edifier","2025-12-09","21.42","1","1","1","0","0"
"Edifier","2025-12-10","31.240000000000002","2","2","2","0","0"
"Edifier","2025-12-11","31.240000000000002","2","2","2","0","0"
"Edifier","2025-12-12","19.99","1","1","1","0","0"
"Edifier","2025-12-13","42.24666666666667","3","3","3","0","0"
"Edifier","2025-12-14","49.99","2","2","2","0","0"
"Edifier","2025-12-15","42.49","1","1","1","0","0"
"Edifier","2025-12-16","42.49","1","1","1","0","0"
"Edifier","2025-12-17","19.99","1","1","1","0","0"
"Google","2025-12-05","162.33333333333334","3","3","3","0","0"
"Google","2025-12-06","162.33333333333334","3","3","3","0","0"
"Google","2025-12-07","152.33333333333334","3","3","2","1","0"
"Google","2025-12-08","99","3","3","3","0","0"
"Google","2025-12-09","139","2","2","2","0","0"
"Google","2025-12-10","152.33333333333334","3","3","2","1","0"
"Google","2025-12-11","139","2","2","2","0","0"
"Google","2025-12-12","99","2","2","2","0","0"
"Google","2025-12-13","99","2","2","2","0","0"
"Google","2025-12-14","126.32666666666667","3","3","3","0","0"
"Google","2025-12-15","99.495","2","2","2","0","0"
"Google","2025-12-16","99.495","2","2","2","0","0"
"Google","2025-12-17","99","2","2","2","0","0"
"HyperX","2025-12-04","55.31999999999999","3","3","3","0","0"
"HyperX","2025-12-10","49","1","1","1","0","0"
"HyperX","2025-12-12","39","1","1","1","0","0"
"HyperX","2025-12-13","36.370000000000005","2","2","2","0","0"
"HyperX","2025-12-14","34.24333333333333","3","3","3","0","0"
"HyperX","2025-12-15","39","1","1","1","0","0"
"HyperX","2025-12-16","34.24333333333333","3","3","3","0","0"
"HyperX","2025-12-17","39.6775","4","4","3","1","0"
"JBL","2025-12-04","59.436707317073086","82","73","34","39","9"
"JBL","2025-12-05","57.39129629629619","108","85","38","47","23"
"JBL","2025-12-06","55.02978494623647","93","78","33","45","15"
"JBL","2025-12-07","50.77774999999992","80","73","32","41","7"
"JBL","2025-12-08","49.610923076923044","65","62","34","28","3"
"JBL","2025-12-09","56.149615384615316","78","70","40","30","8"
"JBL","2025-12-10","47.45283950617278","81","59","28","31","22"
"JBL","2025-12-11","49.15557377049178","61","59","33","26","2"
"JBL","2025-12-12","54.67365079365073","63","60","35","25","3"
"JBL","2025-12-13","49.62535714285711","56","56","28","28","0"
"JBL","2025-12-14","47.604666666666624","60","60","31","29","0"
"JBL","2025-12-15","51.455714285714244","56","56","30","26","0"
"JBL","2025-12-16","46.76898305084743","59","59","30","29","0"
"JBL","2025-12-17","45.51508474576269","59","59","31","28","0"
"JLab","2025-12-04","31.556041666666673","48","46","19","27","2"
"JLab","2025-12-05","23.94983333333334","60","54","25","29","6"
"JLab","2025-12-06","21.591818181818187","44","40","17","23","4"
"JLab","2025-12-07","25.238604651162795","43","43","19","24","0"
"JLab","2025-12-08","29.494200000000006","50","50","26","24","0"
"JLab","2025-12-09","31.328000000000003","40","40","21","19","0"
"JLab","2025-12-10","34.924693877551036","49","48","20","28","1"
"JLab","2025-12-11","30.392978723404262","47","47","20","27","0"
"JLab","2025-12-12","33.748983050847464","59","59","26","33","0"
"JLab","2025-12-13","33.41591836734695","49","49","19","30","0"
"JLab","2025-12-14","34.26448979591838","49","49","19","30","0"
"JLab","2025-12-15","33.543870967741945","62","62","29","33","0"
"JLab","2025-12-16","39.271951219512204","41","41","16","25","0"
"JLab","2025-12-17","34.439183673469394","49","49","21","28","0"
"Logitech","2025-12-04","231.99","5","5","4","1","0"
"Logitech","2025-12-05","129.99","2","2","2","0","0"
"Logitech","2025-12-06","67.49","2","2","2","0","0"
"Logitech","2025-12-07","399.99","1","1","1","0","0"
"Logitech","2025-12-08","79.99","1","1","1","0","0"
"Logitech","2025-12-09","22.99","1","1","1","0","0"
"Logitech","2025-12-10","399.99","1","1","1","0","0"
"Logitech","2025-12-11","79.99","1","1","1","0","0"
"Logitech","2025-12-12","152.49","4","3","3","0","1"
"Logitech","2025-12-13","149.99","3","3","3","0","0"
"Logitech","2025-12-14","69.99","2","2","2","0","0"
"Logitech","2025-12-15","89.99","2","2","2","0","0"
"Logitech","2025-12-16","74.99","2","2","2","0","0"
"Logitech","2025-12-17","153.32333333333335","3","3","3","0","0"
"Marshall","2025-12-04","192.2976923076923","13","13","7","6","0"
"Marshall","2025-12-05","196.24","8","8","5","3","0"
"Marshall","2025-12-06","159.99","12","12","5","7","0"
"Marshall","2025-12-07","169.15666666666667","12","12","6","6","0"
"Marshall","2025-12-08","158.32333333333335","12","12","7","5","0"
"Marshall","2025-12-09","159.99","12","12","6","6","0"
"Marshall","2025-12-10","155.3746153846154","13","13","6","7","0"
"Marshall","2025-12-11","161.80818181818182","11","11","7","4","0"
"Marshall","2025-12-12","169.15666666666667","12","12","7","5","0"
"Marshall","2025-12-13","157.49","12","12","7","5","0"
"Marshall","2025-12-14","159.98999999999998","14","14","7","7","0"
"Marshall","2025-12-15","165.99","10","10","6","4","0"
"Marshall","2025-12-16","154.98999999999998","14","14","7","7","0"
"Marshall","2025-12-17","139.98999999999998","15","15","9","6","0"
"Monolith","2025-12-04","692.24","1","1","1","0","0"
"Monolith","2025-12-05","692.24","1","1","1","0","0"
"Monolith","2025-12-06","692.24","2","2","2","0","0"
"Monolith","2025-12-07","692.24","2","2","2","0","0"
"Monolith","2025-12-08","692.24","1","1","1","0","0"
"Monolith","2025-12-09","692.24","2","2","2","0","0"
"Monolith","2025-12-10","692.24","1","1","1","0","0"
"Monolith","2025-12-11","692.24","2","2","2","0","0"
"Monolith","2025-12-12","692.24","1","1","1","0","0"
"Monolith","2025-12-13","692.24","2","2","2","0","0"
"Monolith","2025-12-14","692.24","2","2","2","0","0"
"Monolith","2025-12-15","692.24","2","2","2","0","0"
"Monolith","2025-12-16","692.24","2","2","2","0","0"
"Monolith","2025-12-17","496.115","2","2","2","0","0"
"OnePlus","2025-12-05","179.99","1","1","1","0","0"
"OnePlus","2025-12-06","179.99","1","1","1","0","0"
"OnePlus","2025-12-07","179.99","1","1","1","0","0"
"OnePlus","2025-12-08","179.99","1","1","1","0","0"
"OnePlus","2025-12-09","179.99","1","1","1","0","0"
"OnePlus","2025-12-10","179.99","1","1","1","0","0"
"OnePlus","2025-12-11","179.99","1","1","1","0","0"
"OnePlus","2025-12-15","129.99","1","1","1","0","0"
"OnePlus","2025-12-16","129.99","1","1","1","0","0"
"OnePlus","2025-12-17","129.99","1","1","1","0","0"
"Onn (Walmart)","2025-12-04","25.645","4","4","4","0","0"
"Onn (Walmart)","2025-12-05","14.88","4","4","4","0","0"
"Onn (Walmart)","2025-12-06","14.88","2","2","2","0","0"
"Onn (Walmart)","2025-12-07","25.645","4","4","4","0","0"
"Onn (Walmart)","2025-12-08","13.882000000000001","5","5","5","0","0"
"Onn (Walmart)","2025-12-09","13.213333333333333","6","6","6","0","0"
"Onn (Walmart)","2025-12-10","13.882000000000001","5","5","4","1","0"
"Onn (Walmart)","2025-12-11","13.213333333333333","3","3","3","0","0"
"Onn (Walmart)","2025-12-12","14.882500000000002","4","4","4","0","0"
"Onn (Walmart)","2025-12-13","14.586666666666668","3","3","3","0","0"
"Onn (Walmart)","2025-12-14","17.385","2","2","2","0","0"
"Onn (Walmart)","2025-12-15","16.55","3","3","3","0","0"
"Onn (Walmart)","2025-12-16","16.55","3","3","3","0","0"
"Onn (Walmart)","2025-12-17","16.55","3","3","2","1","0"
"Other/Unknown","2025-12-04","248.9996202531646","79","74","60","14","5"
"Other/Unknown","2025-12-05","409.7989534883723","86","74","68","6","12"
"Other/Unknown","2025-12-06","495.89129870129887","77","72","64","8","5"
"Other/Unknown","2025-12-07","881.0323880597015","67","60","51","9","7"
"Other/Unknown","2025-12-08","767.5860869565215","69","61","55","6","8"
"Other/Unknown","2025-12-09","717.2618750000005","64","51","44","7","13"
"Other/Unknown","2025-12-10","763.2007865168536","89","70","65","5","19"
"Other/Unknown","2025-12-11","531.1050847457628","59","58","53","5","1"
"Other/Unknown","2025-12-12","528.9354385964915","57","54","48","6","3"
"Other/Unknown","2025-12-13","501.7872727272727","66","66","59","7","0"
"Other/Unknown","2025-12-14","682.7085964912285","57","57","51","6","0"
"Other/Unknown","2025-12-15","878.4827777777771","54","54","51","3","0"
"Other/Unknown","2025-12-16","607.2989855072462","69","69","65","4","0"
"Other/Unknown","2025-12-17","435.11883333333355","60","60","53","7","0"
"Raycon","2025-12-04","76.4275","16","4","3","1","12"
"Raycon","2025-12-05","73.19050000000001","20","4","2","2","16"
"Raycon","2025-12-06","80.99333333333334","9","6","3","3","3"
"Raycon","2025-12-07","81.85866666666668","15","6","3","3","9"
"Raycon","2025-12-08","79.69","10","1","1","0","9"
"Raycon","2025-12-09","81.91083333333334","12","1","0","1","11"
"Raycon","2025-12-10","77.93176470588234","17","8","4","4","9"
"Raycon","2025-12-11","69.99","8","2","1","1","6"
"Raycon","2025-12-13","105.66666666666667","3","3","1","2","0"
"Raycon","2025-12-14","76.5","1","1","1","0","0"
"Raycon","2025-12-15","90.83","3","3","3","0","0"
"Raycon","2025-12-16","100.14285714285714","7","7","3","4","0"
"Raycon","2025-12-17","99.42857142857143","7","7","3","4","0"
"Razer","2025-12-04","97.178","5","4","3","1","1"
"Razer","2025-12-05","129.99","3","0","0","0","3"
"Razer","2025-12-06","124.48500000000001","2","1","1","0","1"
"Razer","2025-12-07","124.48500000000001","2","1","1","0","1"
"Razer","2025-12-08","129.485","2","2","2","0","0"
"Razer","2025-12-09","105.98666666666668","3","2","2","0","1"
"Razer","2025-12-10","124.48500000000001","4","2","2","0","2"
"Razer","2025-12-11","129.99","1","1","1","0","0"
"Razer","2025-12-12","65.4825","4","3","3","0","1"
"Samsung","2025-12-04","135.56285714285715","7","7","6","1","0"
"Samsung","2025-12-05","137.99142857142857","7","7","5","2","0"
"Samsung","2025-12-06","143.24","8","8","6","2","0"
"Samsung","2025-12-07","164.865","8","8","6","2","0"
"Samsung","2025-12-08","129.74375","8","8","6","2","0"
"Samsung","2025-12-09","125.45666666666666","6","6","4","2","0"
"Samsung","2025-12-10","140.9925","4","4","3","1","0"
"Samsung","2025-12-11","154.865","8","8","4","4","0"
"Samsung","2025-12-12","137.10222222222222","9","9","7","2","0"
"Samsung","2025-12-13","122.9909090909091","11","11","6","5","0"
"Samsung","2025-12-14","125.49125000000001","8","8","6","2","0"
"Samsung","2025-12-15","139.79833333333335","6","6","5","1","0"
"Samsung","2025-12-16","125.82333333333334","6","6","6","0","0"
"Samsung","2025-12-17","133.5757142857143","7","7","7","0","0"
"Sennheiser","2025-12-04","211.52333333333334","9","9","7","2","0"
"Sennheiser","2025-12-05","215.2707692307692","13","13","6","7","0"
"Sennheiser","2025-12-06","241.3093749999999","16","16","8","8","0"
"Sennheiser","2025-12-07","276.67529411764696","17","16","8","8","1"
"Sennheiser","2025-12-08","282.40062499999993","16","16","9","7","0"
"Sennheiser","2025-12-09","283.4028571428571","14","14","6","8","0"
"Sennheiser","2025-12-10","263.26222222222214","18","18","8","10","0"
"Sennheiser","2025-12-11","258.64333333333326","15","15","7","8","0"
"Sennheiser","2025-12-12","242.69181818181815","11","11","5","6","0"
"Sennheiser","2025-12-13","243.36428571428567","14","14","9","5","0"
"Sennheiser","2025-12-14","208.2175","12","12","7","5","0"
"Sennheiser","2025-12-15","211.16466666666662","15","15","7","8","0"
"Sennheiser","2025-12-16","181.54416666666668","12","12","7","5","0"
"Sennheiser","2025-12-17","194.5027272727273","11","11","8","3","0"
"Shokz","2025-12-04","165.6717647058823","17","17","7","10","0"
"Shokz","2025-12-05","169.81999999999996","14","14","5","9","0"
"Shokz","2025-12-06","176.41","9","9","2","7","0"
"Shokz","2025-12-07","184.11666666666667","12","12","5","7","0"
"Shokz","2025-12-08","166.75357142857143","14","14","7","7","0"
"Shokz","2025-12-09","178.64823529411763","17","17","8","9","0"
"Shokz","2025-12-10","190.85000000000002","9","9","5","4","0"
"Shokz","2025-12-11","158.68499999999997","18","18","9","9","0"
"Shokz","2025-12-12","164.55588235294115","17","17","9","8","0"
"Shokz","2025-12-13","129.6475","16","16","8","8","0"
"Shokz","2025-12-14","123.29000000000002","12","12","6","6","0"
"Shokz","2025-12-15","121.74428571428574","14","14","5","9","0"
"Shokz","2025-12-16","121.38714285714288","14","14","4","10","0"
"Shokz","2025-12-17","114.33000000000003","16","16","4","12","0"
"Shure","2025-12-04","219","1","1","1","0","0"
"Shure","2025-12-05","499","2","2","2","0","0"
"Shure","2025-12-06","219","2","2","2","0","0"
"Shure","2025-12-07","225.66666666666666","3","3","2","1","0"
"Shure","2025-12-08","194","4","4","2","2","0"
"Shure","2025-12-09","185.66666666666666","3","3","1","2","0"
"Shure","2025-12-10","218.25","4","4","1","3","0"
"Shure","2025-12-11","278.59000000000003","5","5","3","2","0"
"Shure","2025-12-12","248.25","4","4","2","2","0"
"Shure","2025-12-13","415","5","5","3","2","0"
"Shure","2025-12-14","308.25","4","4","3","1","0"
"Shure","2025-12-15","308.25","4","4","3","1","0"
"Shure","2025-12-16","244.66666666666666","3","3","2","1","0"
"Shure","2025-12-17","359","2","2","2","0","0"
"SiriusXM","2025-12-06","69.95","5","5","5","0","0"
"SiriusXM","2025-12-07","69.95","4","4","4","0","0"
"SiriusXM","2025-12-08","73.95","5","4","4","0","1"
"SiriusXM","2025-12-09","69.95","2","2","2","0","0"
"SiriusXM","2025-12-10","69.95","3","3","3","0","0"
"SiriusXM","2025-12-11","59.95000000000001","3","3","3","0","0"
"SiriusXM","2025-12-12","59.95","2","2","2","0","0"
"SiriusXM","2025-12-13","59.95000000000001","3","3","3","0","0"
"SiriusXM","2025-12-14","59.95000000000001","3","3","3","0","0"
"SiriusXM","2025-12-15","59.95000000000001","3","3","3","0","0"
"SiriusXM","2025-12-16","59.95000000000001","3","3","3","0","0"
"SiriusXM","2025-12-17","59.95000000000001","3","3","2","1","0"
"Skullcandy","2025-12-04","77.12307692307692","13","11","8","3","2"
"Skullcandy","2025-12-05","77.91727272727273","11","9","7","2","2"
"Skullcandy","2025-12-06","80.17333333333333","12","11","9","2","1"
"Skullcandy","2025-12-07","80.23333333333333","15","13","10","3","2"
"Skullcandy","2025-12-08","79.10692307692308","13","12","9","3","1"
"Skullcandy","2025-12-09","67.93124999999999","16","14","11","3","2"
"Skullcandy","2025-12-10","71.70700000000001","10","9","7","2","1"
"Skullcandy","2025-12-11","59.794000000000004","15","15","12","3","0"
"Skullcandy","2025-12-12","71.88916666666667","12","12","10","2","0"
"Skullcandy","2025-12-13","70.38666666666667","12","12","10","2","0"
"Skullcandy","2025-12-14","71.40142857142857","14","14","10","4","0"
"Skullcandy","2025-12-15","75.04846153846155","13","13","10","3","0"
"Skullcandy","2025-12-16","74.98","9","9","7","2","0"
"Skullcandy","2025-12-17","90.296875","16","16","10","6","0"
"Sony","2025-12-04","149.15930232558136","43","36","17","19","7"
"Sony","2025-12-05","143.60020833333326","48","37","19","18","11"
"Sony","2025-12-06","135.84410256410257","39","33","16","17","6"
"Sony","2025-12-07","192.82260869565215","46","36","16","20","10"
"Sony","2025-12-08","175.2561290322581","31","29","12","17","2"
"Sony","2025-12-09","153.4825714285714","35","33","16","17","2"
"Sony","2025-12-10","155.26365384615377","52","46","17","29","6"
"Sony","2025-12-11","182.9253488372092","43","43","16","27","0"
"Sony","2025-12-12","188.5020512820512","39","38","17","21","1"
"Sony","2025-12-13","193.81545454545454","33","33","15","18","0"
"Sony","2025-12-14","166.81749999999997","28","28","13","15","0"
"Sony","2025-12-15","180.46676470588233","34","34","15","19","0"
"Sony","2025-12-16","208.99777777777774","36","36","14","22","0"
"Sony","2025-12-17","113.81571428571428","28","28","12","16","0"
"Soundcore","2025-12-04","60.473870967741945","31","30","13","17","1"
"Soundcore","2025-12-05","55.160731707317055","41","39","20","19","2"
"Soundcore","2025-12-06","55.502820512820506","39","37","20","17","2"
"Soundcore","2025-12-07","55.81731707317071","41","40","22","18","1"
"Soundcore","2025-12-08","66.88999999999996","40","40","24","16","0"
"Soundcore","2025-12-09","65.8182926829268","41","41","25","16","0"
"Soundcore","2025-12-10","67.01432432432432","37","37","19","18","0"
"Soundcore","2025-12-11","75.33399999999993","45","45","24","21","0"
"Soundcore","2025-12-12","61.61023809523805","42","42","21","21","0"
"Soundcore","2025-12-13","54.59555555555553","45","45","22","23","0"
"Soundcore","2025-12-14","58.05666666666661","51","51","27","24","0"
"Soundcore","2025-12-15","60.7827083333333","48","48","23","25","0"
"Soundcore","2025-12-16","61.9263636363636","44","44","20","24","0"
"Soundcore","2025-12-17","67.32260869565212","46","46","25","21","0"
"Status Audio","2025-12-04","149","2","2","1","1","0"
"Status Audio","2025-12-05","149","3","3","2","1","0"
"Status Audio","2025-12-06","149","4","4","2","2","0"
"Status Audio","2025-12-07","149","3","3","2","1","0"
"Status Audio","2025-12-08","149","1","1","1","0","0"
"Status Audio","2025-12-09","224","2","2","2","0","0"
"Status Audio","2025-12-10","166.525","4","4","3","1","0"
"Status Audio","2025-12-11","209.05","2","2","2","0","0"
"Status Audio","2025-12-12","209.05","2","2","1","1","0"
"Status Audio","2025-12-13","167.51500000000001","6","6","4","2","0"
"Status Audio","2025-12-14","164.87000000000003","7","7","4","3","0"
"Status Audio","2025-12-15","167.7625","8","8","4","4","0"
"Status Audio","2025-12-16","157.72714285714287","7","7","4","3","0"
"Status Audio","2025-12-17","136.5","8","8","5","3","0"
"SteelSeries","2025-12-04","146.655","6","6","5","1","0"
"SteelSeries","2025-12-05","174.495","2","2","2","0","0"
"SteelSeries","2025-12-06","154.985","2","2","2","0","0"
"SteelSeries","2025-12-07","184.985","2","2","2","0","0"
"SteelSeries","2025-12-08","306.65333333333336","3","3","3","0","0"
"SteelSeries","2025-12-09","292.4875","4","4","4","0","0"
"SteelSeries","2025-12-10","159.985","2","2","2","0","0"
"SteelSeries","2025-12-11","199.99","2","2","2","0","0"
"SteelSeries","2025-12-12","224.985","2","2","2","0","0"
"SteelSeries","2025-12-13","118.99","1","1","1","0","0"
"SteelSeries","2025-12-14","118.99","1","1","1","0","0"
"SteelSeries","2025-12-15","118.99","1","1","1","0","0"
"SteelSeries","2025-12-16","101.99","1","1","1","0","0"
"SteelSeries","2025-12-17","45.95","1","1","0","1","0"
"Technics","2025-12-04","249.99","1","1","1","0","0"
"Technics","2025-12-05","249.99","2","2","2","0","0"
"Technics","2025-12-06","249.99","2","2","2","0","0"
"Technics","2025-12-07","249.99","2","2","2","0","0"
"Technics","2025-12-08","249.99","2","2","2","0","0"
"Technics","2025-12-09","249.99","1","1","1","0","0"
"Technics","2025-12-10","287.49","4","4","3","1","0"
"Technics","2025-12-11","249.99","1","1","0","1","0"
"Technics","2025-12-12","249.99","2","2","1","1","0"
"Technics","2025-12-13","218.99","1","1","1","0","0"
"Technics","2025-12-14","248.99","2","2","1","1","0"
"Technics","2025-12-15","249.32333333333335","3","3","2","1","0"
"Technics","2025-12-16","218.99","2","2","2","0","0"
"Technics","2025-12-17","228.65666666666667","3","3","3","0","0"
"TOZO","2025-12-04","39.59","2","2","2","0","0"
"TOZO","2025-12-05","19.185000000000002","2","2","2","0","0"
"TOZO","2025-12-06","19.98","1","1","1","0","0"
"TOZO","2025-12-07","19.185000000000002","2","2","2","0","0"
"TOZO","2025-12-08","24.99","2","2","1","1","0"
"TOZO","2025-12-10","49.99","3","3","2","1","0"
"TOZO","2025-12-11","79.99","1","1","0","1","0"
"TOZO","2025-12-12","21.99","1","1","1","0","0"
"TOZO","2025-12-13","21.99","1","1","1","0","0"
"TOZO","2025-12-14","21.99","1","1","1","0","0"
"TOZO","2025-12-15","30.990000000000002","2","2","2","0","0"
"TOZO","2025-12-16","21.99","1","1","1","0","0"
"Tzumi","2025-12-04","24.98","2","2","2","0","0"
"Tzumi","2025-12-05","24.98","2","2","2","0","0"
"Tzumi","2025-12-06","24.98","2","2","2","0","0"
"Tzumi","2025-12-07","24.98","2","2","2","0","0"
"Tzumi","2025-12-08","24.98","2","2","2","0","0"
"Tzumi","2025-12-09","24.98","2","2","2","0","0"
"Tzumi","2025-12-10","24.98","2","2","2","0","0"
"Tzumi","2025-12-11","24.98","2","2","2","0","0"
"Tzumi","2025-12-12","24.98","2","2","2","0","0"
"Tzumi","2025-12-13","24.98","2","2","2","0","0"
"Tzumi","2025-12-14","24.98","2","2","2","0","0"
"Tzumi","2025-12-15","24.98","2","2","2","0","0"
"Tzumi","2025-12-16","24.98","2","2","2","0","0"
"Tzumi","2025-12-17","24.98","1","1","1","0","0"
"Vilinice","2025-12-04","18.99","3","3","3","0","0"
"Vilinice","2025-12-05","18.99","2","2","2","0","0"
"Vilinice","2025-12-06","20.49","4","4","4","0","0"
"Vilinice","2025-12-07","20.49","4","4","4","0","0"
"Vilinice","2025-12-08","18.99","2","2","2","0","0"
"Vilinice","2025-12-09","16.99","2","2","2","0","0"
"Vilinice","2025-12-10","19.656666666666666","3","3","3","0","0"
"Vilinice","2025-12-11","19.656666666666666","3","3","3","0","0"
"Vilinice","2025-12-12","19.656666666666666","3","3","3","0","0"
"Vilinice","2025-12-13","18.99","4","4","4","0","0"
"Vilinice","2025-12-14","16.99","3","3","3","0","0"
"Vilinice","2025-12-15","19.656666666666666","3","3","3","0","0"
"Vilinice","2025-12-16","18.99","4","4","4","0","0"
"Vilinice","2025-12-17","18.589999999999996","5","5","5","0","0"
